name	pool	seq	size	%gc	tm (use 65)
EVA71_Capsid_Sequencing_primers_1_LEFT	1	TCAAATTCATTTTGACCCTCAACACA	26	34.62	60.57
EVA71_Capsid_Sequencing_primers_1_RIGHT	1	GCCAATAGTTAATTGTGCCACCC	23	47.83	60.68
EVA71_Capsid_Sequencing_primers_2_LEFT	2	CATCTTCACTGAAATGGCAGCG	22	50.00	60.65
EVA71_Capsid_Sequencing_primers_2_RIGHT	2	GACCCCGGTTTCAGTTAACACA	22	50.00	60.93
EVA71_Capsid_Sequencing_primers_3_LEFT	1	CGGTGAATAGGTTTTACACATTGGA	25	40.00	59.97
EVA71_Capsid_Sequencing_primers_3_RIGHT	1	GGTGTTGCAATTCGAAGCCATC	22	50.00	61.16
EVA71_Capsid_Sequencing_primers_4_LEFT	2	TCATTGGGACAGTGGCAGGT	20	55.00	61.44
EVA71_Capsid_Sequencing_primers_4_RIGHT	2	GTAATGGGGATCACTGGCGT	20	55.00	59.84
EVA71_Capsid_Sequencing_primers_5_LEFT	1	TGTAACTTTGGTCTGCTGGTTGT	23	43.48	60.88
EVA71_Capsid_Sequencing_primers_5_RIGHT	1	TCTAAAATGGTTTCCACCTGGCA	23	43.48	60.70
EVA71_Capsid_Sequencing_primers_6_LEFT	2	TGCCAAACTTTCACCCCACC	20	55.00	61.06
EVA71_Capsid_Sequencing_primers_6_RIGHT	2	TAGCCATAAAGGACCCGGTGAA	22	50.00	61.35
EVA71_Capsid_Sequencing_primers_7_LEFT	1	CCAGTTGTGCGGGTACTACA	20	55.00	59.70
EVA71_Capsid_Sequencing_primers_7_RIGHT	1	CGTCTGGTACCATATGCTAACCA	23	47.83	60.18
EVA71_Capsid_Sequencing_primers_8_LEFT	2	GCAATCGTCTGTCACCCTTGTA	22	50.00	60.79
EVA71_Capsid_Sequencing_primers_8_RIGHT	2	TCTGCTCACACTGTCCCCTA	20	55.00	59.90
EVA71_Capsid_Sequencing_primers_9_LEFT	1	TACAGACAGGCACTATCCAGGG	22	54.55	61.14
EVA71_Capsid_Sequencing_primers_9_RIGHT	1	TCCAACTAATCCTGCTCTGCTG	22	50.00	60.28
EVA71_Capsid_Sequencing_primers_10_LEFT	2	TGATTGAGACACGGTGTGTTCT	22	45.45	60.08
EVA71_Capsid_Sequencing_primers_10_RIGHT	2	CTCCGGGTGGTACAAACATGTA	22	50.00	60.21
EVA71_Capsid_Sequencing_primers_11_LEFT	1	TGACGCAGAGTTCACCTTTGTT	22	45.45	60.86
EVA71_Capsid_Sequencing_primers_11_RIGHT	1	GCACTGAGAACGTACCCATCAT	22	50.00	60.60
EVA71_Capsid_Sequencing_primers_12_LEFT	2	TCGGTGAACACAAACAGGAGAA	22	45.45	60.28
EVA71_Capsid_Sequencing_primers_12_RIGHT	2	TAGATAGCTCCGGACTGCTGTC	22	54.55	61.25

-----------------------------------------------------------------------------------------------------------------------------------------
EVA71_Tainan_Long_Read primers with UMIs: Primers used: 1_LEFT:	TCAAATTCATTTTGACCCTCAACACA 12_RIGHT:	TAGATAGCTCCGGACTGCTGTC

Reverse primers with the following structure: Adaptor3'-UMI_long-Genespecificregion (These are the primers used for CDNA synthesis)

12_Right with UMI and adapter: 5' AATGATACGGCGACCACCGAGATCNNNYRNNNYRNNNYRNNNTAGATAGCTCCGGACTGCTGTC 3'

Adaptor3' reverse primer: (This is the 1st round PCR reverse primer and is universal to all fragments)

AATGATACGGCGACCACCGAGATC

Forward primers with the following structure: Adaptor5'-UMI_long-Genespecificregion (These are the 1st round PCR forward primers)

1_Left with UMI and adapter:   CAAGCAGAAGACGGCATACGAGATNNNYRNNNYRNNNYRNNNTCAAATTCATTTTGACCCTCAACACA

Universal Adapter with the following structure: adaptor5' (This is 2nd round PCR forward primer )

CAAGCAGAAGACGGCATACGAGAT

Note: Adapater sequences (Illumina) + UMI were taken from: https://www.nature.com/articles/s41592-020-01041-y#MOESM1

For indexes and Barcoding:

Fwd:
1      CGAGACTGATT CAAGCAGAAGACGGCATACGAGAT
2      GCTGTACGGATT CAAGCAGAAGACGGCATACGAGAT
3      ATCACCAGGTGT CAAGCAGAAGACGGCATACGAGAT
4      TGGTCAACGATA CAAGCAGAAGACGGCATACGAGAT
5      ATCGCACAGTAA CAAGCAGAAGACGGCATACGAGAT
6      GTCGTGTAGCCT CAAGCAGAAGACGGCATACGAGAT
7      AGCGGAGGTTAG CAAGCAGAAGACGGCATACGAGAT
8      ATCCTTTGGTTC CAAGCAGAAGACGGCATACGAGAT
Rev:
1       TACAGCGCATAC AATGATACGGCGACCACCGAGATC
2       ACCGGTATGTAC AATGATACGGCGACCACCGAGATC
3       AATTGTGTCGGA AATGATACGGCGACCACCGAGATC
4       TGCATACACTGG AATGATACGGCGACCACCGAGATC
5       AGTCGAACGAGG AATGATACGGCGACCACCGAGATC
6       ACCAGTGACTCA AATGATACGGCGACCACCGAGATC
7       GAATACCAAGTC AATGATACGGCGACCACCGAGATC
8       GTAGATCGTGTA AATGATACGGCGACCACCGAGATC
9       TAACGTGTGTGC AATGATACGGCGACCACCGAGATC
10      CATTATGGCGTG AATGATACGGCGACCACCGAGATC
11      CCAATACGCCTG AATGATACGGCGACCACCGAGATC
12      GATCTGCGATCC AATGATACGGCGACCACCGAGATC
-----------------------------------------------------------------------------------------------------------------------------------------
EVA71_Tainan_PrimerID_Primers
Reverse primers with the following structure: Adaptor-PrimerID-Genespecificregion (These are the primers used for CDNA synthesis)

EVA71_1_RIGHT	  GTGACTGGAGTTCAGACGTGTGCTCTTCCGATCTNNNNNNNNNNNGCCAATAGTTAATTGTGCCACCC
EVA71_2_RIGHT	  GTGACTGGAGTTCAGACGTGTGCTCTTCCGATCTNNNNNNNNNNNGACCCCGGTTTCAGTTAACACA
EVA71_3_RIGHT	  GTGACTGGAGTTCAGACGTGTGCTCTTCCGATCTNNNNNNNNNNNGGTGTTGCAATTCGAAGCCATC
EVA71_4_RIGHT	  GTGACTGGAGTTCAGACGTGTGCTCTTCCGATCTNNNNNNNNNNNGTAATGGGGATCACTGGCGT
EVA71_5_RIGHT	  GTGACTGGAGTTCAGACGTGTGCTCTTCCGATCTNNNNNNNNNNNTCTAAAATGGTTTCCACCTGGCA
EVA71_6_RIGHT	  GTGACTGGAGTTCAGACGTGTGCTCTTCCGATCTNNNNNNNNNNNTAGCCATAAAGGACCCGGTGAA
EVA71_7_RIGHT	  GTGACTGGAGTTCAGACGTGTGCTCTTCCGATCTNNNNNNNNNNNCGTCTGGTACCATATGCTAACCA
EVA71_8_RIGHT	  GTGACTGGAGTTCAGACGTGTGCTCTTCCGATCTNNNNNNNNNNNTCTGCTCACACTGTCCCCTA
EVA71_9_RIGHT	  GTGACTGGAGTTCAGACGTGTGCTCTTCCGATCTNNNNNNNNNNNTCCAACTAATCCTGCTCTGCTG
EVA71_10_RIGHT	GTGACTGGAGTTCAGACGTGTGCTCTTCCGATCTNNNNNNNNNNNCTCCGGGTGGTACAAACATGTA
EVA71_11_RIGHT	GTGACTGGAGTTCAGACGTGTGCTCTTCCGATCTNNNNNNNNNNNGCACTGAGAACGTACCCATCAT
EVA71_12_RIGHT	GTGACTGGAGTTCAGACGTGTGCTCTTCCGATCTNNNNNNNNNNNTAGATAGCTCCGGACTGCTGTC

Forward primers with the following structure: Adaptor-Linker-Genespecificregion (These are the 1st round PCR forward primers)

EVA71_1_LEFT		  GCCTCCCTCGCGCCATCAGAGATGTGTATAAGAGACAGNNNNTCAAATTCATTTTGACCCTCAACACA
EVA71_2_LEFT		  GCCTCCCTCGCGCCATCAGAGATGTGTATAAGAGACAGNNNNCATCTTCACTGAAATGGCAGCG
EVA71_3_LEFT		  GCCTCCCTCGCGCCATCAGAGATGTGTATAAGAGACAGNNNNCGGTGAATAGGTTTTACACATTGGA
EVA71_4_LEFT		  GCCTCCCTCGCGCCATCAGAGATGTGTATAAGAGACAGNNNNTCATTGGGACAGTGGCAGGT
EVA71_5_LEFT		  GCCTCCCTCGCGCCATCAGAGATGTGTATAAGAGACAGNNNNTGTAACTTTGGTCTGCTGGTTGT
EVA71_6_LEFT	    GCCTCCCTCGCGCCATCAGAGATGTGTATAAGAGACAGNNNNTGCCAAACTTTCACCCCACC
EVA71_7_LEFT	    GCCTCCCTCGCGCCATCAGAGATGTGTATAAGAGACAGNNNNCCAGTTGTGCGGGTACTACA
EVA71_8_LEFT		  GCCTCCCTCGCGCCATCAGAGATGTGTATAAGAGACAGNNNNGCAATCGTCTGTCACCCTTGTA
EVA71_9_LEFT		  GCCTCCCTCGCGCCATCAGAGATGTGTATAAGAGACAGNNNNTACAGACAGGCACTATCCAGGG
EVA71_10_LEFT	    GCCTCCCTCGCGCCATCAGAGATGTGTATAAGAGACAGNNNNTGATTGAGACACGGTGTGTTCT
EVA71_11_LEFT		  GCCTCCCTCGCGCCATCAGAGATGTGTATAAGAGACAGNNNNTGACGCAGAGTTCACCTTTGTT
EVA71_12_LEFT	    GCCTCCCTCGCGCCATCAGAGATGTGTATAAGAGACAGNNNNTCGGTGAACACAAACAGGAGAA

Adaptor reverse primer: (This is the 1st round PCR reverse primer and is universal to all fragments)

GTGACTGGAGTTCAGACGTGTGCTC

Universal Adapter with the following structure: AdaptorSequencing-Bindingadaptor (This is 2nd round PCR forward primer with Illumina adapter sequence)

AATGATACGGCGACCACCGAGATCTACACGCCTCCCTCGCGCCATCAGAGATGTG

Indexed Adapter Index
PCR Primer, Index 1  CAAGCAGAAGACGGCATACGAGATCGTGATGTGACTGGAGTTCAGACGTGTGCTC
PCR Primer, Index 2  CAAGCAGAAGACGGCATACGAGATACATCGGTGACTGGAGTTCAGACGTGTGCTC
PCR Primer, Index 3  CAAGCAGAAGACGGCATACGAGATGCCTAAGTGACTGGAGTTCAGACGTGTGCTC
PCR Primer, Index 4  CAAGCAGAAGACGGCATACGAGATTGGTCAGTGACTGGAGTTCAGACGTGTGCTC
PCR Primer, Index 5  CAAGCAGAAGACGGCATACGAGATCACTGTGTGACTGGAGTTCAGACGTGTGCTC
PCR Primer, Index 6  CAAGCAGAAGACGGCATACGAGATATTGGCGTGACTGGAGTTCAGACGTGTGCTC
PCR Primer, Index 7  CAAGCAGAAGACGGCATACGAGATGATCTGGTGACTGGAGTTCAGACGTGTGCTC
PCR Primer, Index 8  CAAGCAGAAGACGGCATACGAGATTCAAGTGTGACTGGAGTTCAGACGTGTGCTC
PCR Primer, Index 9  CAAGCAGAAGACGGCATACGAGATCTGATCGTGACTGGAGTTCAGACGTGTGCTC
PCR Primer, Index 10 CAAGCAGAAGACGGCATACGAGATAAGCTAGTGACTGGAGTTCAGACGTGTGCTC
PCR Primer, Index 11 CAAGCAGAAGACGGCATACGAGATGTAGCCGTGACTGGAGTTCAGACGTGTGCTC
PCR Primer, Index 12 CAAGCAGAAGACGGCATACGAGATTACAAGGTGACTGGAGTTCAGACGTGTGCTC
PCR Primer, Index 13 CAAGCAGAAGACGGCATACGAGATTATGGAGTGACTGGAGTTCAGACGTGTGCTC
PCR Primer, Index 14 CAAGCAGAAGACGGCATACGAGATTAGTACGTGACTGGAGTTCAGACGTGTGCTC
PCR Primer, Index 15 CAAGCAGAAGACGGCATACGAGATTACTGTGTGACTGGAGTTCAGACGTGTGCTC
PCR Primer, Index 16 CAAGCAGAAGACGGCATACGAGATCATGAGGTGACTGGAGTTCAGACGTGTGCTC
PCR Primer, Index 17 CAAGCAGAAGACGGCATACGAGATTATCGTGTGACTGGAGTTCAGACGTGTGCTC
PCR Primer, Index 18 CAAGCAGAAGACGGCATACGAGATTCTGCAGTGACTGGAGTTCAGACGTGTGCTC
PCR Primer, Index 19 CAAGCAGAAGACGGCATACGAGATTATGAAGTGACTGGAGTTCAGACGTGTGCTC
PCR Primer, Index 20 CAAGCAGAAGACGGCATACGAGATACAGCAGTGACTGGAGTTCAGACGTGTGCTC
PCR Primer, Index 21 CAAGCAGAAGACGGCATACGAGATGTGATAGTGACTGGAGTTCAGACGTGTGCTC
PCR Primer, Index 22 CAAGCAGAAGACGGCATACGAGATTATCCAGTGACTGGAGTTCAGACGTGTGCTC
PCR Primer, Index 23 CAAGCAGAAGACGGCATACGAGATAATGCGGTGACTGGAGTTCAGACGTGTGCTC
PCR Primer, Index 24 CAAGCAGAAGACGGCATACGAGATTAAGGCGTGACTGGAGTTCAGACGTGTGCTC
